ANO_ELEICAO,NR_TURNO,CD_MUNICIPIO,NM_MUNICIPIO,NR_ZONA,QT_APTOS,QT_COMPARECIMENTO,QT_ABSTENCOES,QT_VOTOS_BRANCOS,QT_VOTOS_NULOS
2026,1,31011,AMPARO DE SÃO FRANCISCO,19,3095,2551,544,30,58
2026,1,31038,AQUIDABÃ,3,17283,14313,2970,179,465
2026,1,31054,ARACAJU,2,141060,118515,22545,1541,2903
2026,1,31054,ARACAJU,27,140716,116730,23986,1835,3356
2026,1,31054,ARACAJU,1,140403,116957,23446,2463,4433
2026,1,31070,ARAUÁ,4,9692,7914,1778,123,236
2026,1,31097,AREIA BRANCA,13,15286,13011,2275,286,574
2026,1,31119,BARRA DOS COQUEIROS,2,31707,26128,5579,442,689
2026,1,31151,BOQUIM,4,22028,17836,4192,293,640
2026,1,31135,BREJO GRANDE,15,8118,6321,1797,101,203
2026,1,31194,CAMPO DO BRITO,24,15710,12858,2852,215,524
2026,1,31216,CANHOBA,8,4709,3990,719,52,117
2026,1,31232,CANINDÉ DE SÃO FRANCISCO,28,24727,18887,5840,199,670
2026,1,31259,CAPELA,5,27103,21120,5983,453,922
2026,1,31275,CARIRA,29,17134,13953,3181,199,594
2026,1,31291,CARMÓPOLIS,14,12534,9574,2960,169,369
2026,1,31313,CEDRO DE SÃO JOÃO,3,5345,4553,792,48,129
2026,1,31330,CRISTINÁPOLIS,30,14633,11295,3338,151,295
2026,1,31372,CUMBE,16,4501,3845,656,63,164
2026,1,31399,DIVINA PASTORA,14,4411,3624,787,57,114
2026,1,31410,ESTÂNCIA,6,50966,40967,9999,787,1328
2026,1,31437,FEIRA NOVA,16,6299,5470,829,55,182
2026,1,31453,FREI PAULO,24,13549,11285,2264,232,482
2026,1,31496,GARARU,8,9619,7859,1760,86,253
2026,1,31470,GENERAL MAYNARD,14,3345,2776,569,34,79
2026,1,31518,GRACCHO CARDOSO,3,6449,5494,955,69,141
2026,1,31534,ILHA DAS FLORES,15,7753,6127,1626,103,185
2026,1,31550,INDIAROBA,35,13697,10735,2962,152,348
2026,1,31577,ITABAIANA,9,76645,66065,10580,1353,3370
2026,1,31593,ITABAIANINHA,30,32189,27079,5110,446,906
2026,1,31615,ITABI,8,4734,3921,813,55,154
2026,1,31631,ITAPORANGA D'AJUDA,31,29786,24068,5718,539,984
2026,1,31658,JAPARATUBA,11,14930,11781,3149,228,355
2026,1,31674,JAPOATÃ,19,11510,9356,2154,165,289
2026,1,31690,LAGARTO,12,82331,69965,12366,1187,2864
2026,1,31712,LARANJEIRAS,13,22132,18188,3944,382,650
2026,1,31739,MACAMBIRA,24,6860,5742,1118,81,258
2026,1,31755,MALHADA DOS BOIS,5,4297,3430,867,35,97
2026,1,31771,MALHADOR,26,10440,8746,1694,164,368
2026,1,31798,MARUIM,14,13208,10484,2724,217,287
2026,1,31810,MOITA BONITA,26,9837,8210,1627,206,478
2026,1,31836,MONTE ALEGRE DE SERGIPE,18,12763,10378,2385,145,319
2026,1,31852,MURIBECA,5,7511,6242,1269,109,162
2026,1,31879,NEÓPOLIS,15,14406,11492,2914,139,318
2026,1,31356,NOSSA SENHORA APARECIDA,26,7652,6384,1268,137,279
2026,1,31895,NOSSA SENHORA DA GLÓRIA,17,30467,25928,4539,386,679
2026,1,31917,NOSSA SENHORA DAS DORES,16,21460,18069,3391,394,768
2026,1,31933,NOSSA SENHORA DE LOURDES,8,6277,5334,943,43,168
2026,1,31950,NOSSA SENHORA DO SOCORRO,34,123924,104904,19020,2234,3550
2026,1,31976,PACATUBA,15,11850,9366,2484,159,307
2026,1,31992,PEDRA MOLE,29,3372,2828,544,42,119
2026,1,32018,PEDRINHAS,4,7917,6385,1532,76,217
2026,1,32034,PINHÃO,29,5635,4671,964,66,200
2026,1,32050,PIRAMBU,11,8575,6637,1938,112,202
2026,1,32115,PORTO DA FOLHA,18,25098,20927,4171,314,575
2026,1,32077,POÇO REDONDO,28,22765,18082,4683,194,601
2026,1,32093,POÇO VERDE,22,19505,15833,3672,238,514
2026,1,32131,PROPRIÁ,19,20113,16581,3532,264,428
2026,1,32174,RIACHUELO,13,8232,6538,1694,110,209
2026,1,32158,RIACHÃO DO DANTAS,4,17768,14896,2872,221,498
2026,1,32190,RIBEIRÓPOLIS,26,14762,12174,2588,248,610
2026,1,32212,ROSÁRIO DO CATETE,14,8984,7092,1892,110,205
2026,1,32239,SALGADO,31,17916,15022,2894,240,520
2026,1,32255,SANTA LUZIA DO ITANHY,35,12169,9495,2674,174,401
2026,1,32298,SANTA ROSA DE LIMA,26,4659,3893,766,88,127
2026,1,31003,SANTANA DO SÃO FRANCISCO,15,6340,5074,1266,95,155
2026,1,32310,SANTO AMARO DAS BROTAS,11,10453,7811,2642,120,220
2026,1,32417,SIMÃO DIAS,22,37093,30782,6311,596,1447
2026,1,32433,SIRIRI,5,6787,5616,1171,96,152
2026,1,32336,SÃO CRISTÓVÃO,21,61859,52267,9592,1162,1869
2026,1,32352,SÃO DOMINGOS,24,8598,6769,1829,124,386
2026,1,32379,SÃO FRANCISCO,19,3798,3202,596,28,96
2026,1,32395,SÃO MIGUEL DO ALEIXO,17,3982,3348,634,46,149
2026,1,32450,TELHA,19,3641,3083,558,49,61
2026,1,32476,TOBIAS BARRETO,23,42750,35734,7016,420,1117
2026,1,32492,TOMAR DO GERU,30,10522,8366,2156,115,344
2026,1,32514,UMBAÚBA,35,19761,16156,3605,290,542
