CD_MUNICIPIO,NM_MUNICIPIO,NR_VOTAVEL,NM_VOTAVEL,QT_VOTOS,ANO_ELEICAO,NR_TURNO,NR_ZONA
1,AEROPORTO,13,LUIZ INÁCIO LULA DA SILVA,2258,2026,1,0
1,AEROPORTO,14,RENAN ANTONIO FERREIRA DOS SANTOS,106,2026,1,0
1,AEROPORTO,16,HERTZ DA CONCEICAO DIAS,1,2026,1,0
1,AEROPORTO,21,EDMILSON SILVA COSTA,2,2026,1,0
1,AEROPORTO,22,FLAVIO NANTES BOLSONARO,1661,2026,1,0
1,AEROPORTO,27,CLARIANA ZACARKIM BARAO,3,2026,1,0
1,AEROPORTO,28,LEONARDO ALVES DE ARAUJO,1,2026,1,0
1,AEROPORTO,30,ROMEU ZEMA NETO,6,2026,1,0
1,AEROPORTO,55,RONALDO RAMOS CAIADO,90,2026,1,0
1,AEROPORTO,70,AUGUSTO JORGE CURY,146,2026,1,0
1,AEROPORTO,80,SAMARA MARTINS DA SILVA FEITOSA,8,2026,1,0
1,AEROPORTO,95,VOTO BRANCO,52,2026,1,0
1,AEROPORTO,96,VOTO NULO,135,2026,1,0
2,AMERICA,13,LUIZ INÁCIO LULA DA SILVA,6871,2026,1,0
2,AMERICA,14,RENAN ANTONIO FERREIRA DOS SANTOS,228,2026,1,0
2,AMERICA,16,HERTZ DA CONCEICAO DIAS,4,2026,1,0
2,AMERICA,21,EDMILSON SILVA COSTA,2,2026,1,0
2,AMERICA,22,FLAVIO NANTES BOLSONARO,4014,2026,1,0
2,AMERICA,27,CLARIANA ZACARKIM BARAO,11,2026,1,0
2,AMERICA,29,RUI COSTA PIMENTA,1,2026,1,0
2,AMERICA,30,ROMEU ZEMA NETO,12,2026,1,0
2,AMERICA,55,RONALDO RAMOS CAIADO,286,2026,1,0
2,AMERICA,70,AUGUSTO JORGE CURY,439,2026,1,0
2,AMERICA,80,SAMARA MARTINS DA SILVA FEITOSA,13,2026,1,0
2,AMERICA,95,VOTO BRANCO,267,2026,1,0
2,AMERICA,96,VOTO NULO,419,2026,1,0
3,AREIA BRANCA,13,LUIZ INÁCIO LULA DA SILVA,919,2026,1,0
3,AREIA BRANCA,14,RENAN ANTONIO FERREIRA DOS SANTOS,31,2026,1,0
3,AREIA BRANCA,22,FLAVIO NANTES BOLSONARO,648,2026,1,0
3,AREIA BRANCA,55,RONALDO RAMOS CAIADO,50,2026,1,0
3,AREIA BRANCA,70,AUGUSTO JORGE CURY,69,2026,1,0
3,AREIA BRANCA,95,VOTO BRANCO,54,2026,1,0
3,AREIA BRANCA,96,VOTO NULO,76,2026,1,0
4,ARUANA,13,LUIZ INÁCIO LULA DA SILVA,1405,2026,1,0
4,ARUANA,14,RENAN ANTONIO FERREIRA DOS SANTOS,126,2026,1,0
4,ARUANA,16,HERTZ DA CONCEICAO DIAS,3,2026,1,0
4,ARUANA,22,FLAVIO NANTES BOLSONARO,1179,2026,1,0
4,ARUANA,28,LEONARDO ALVES DE ARAUJO,1,2026,1,0
4,ARUANA,30,ROMEU ZEMA NETO,7,2026,1,0
4,ARUANA,55,RONALDO RAMOS CAIADO,59,2026,1,0
4,ARUANA,70,AUGUSTO JORGE CURY,97,2026,1,0
4,ARUANA,80,SAMARA MARTINS DA SILVA FEITOSA,4,2026,1,0
4,ARUANA,95,VOTO BRANCO,39,2026,1,0
4,ARUANA,96,VOTO NULO,56,2026,1,0
5,ATALAIA,13,LUIZ INÁCIO LULA DA SILVA,5085,2026,1,0
5,ATALAIA,14,RENAN ANTONIO FERREIRA DOS SANTOS,186,2026,1,0
5,ATALAIA,16,HERTZ DA CONCEICAO DIAS,9,2026,1,0
5,ATALAIA,21,EDMILSON SILVA COSTA,2,2026,1,0
5,ATALAIA,22,FLAVIO NANTES BOLSONARO,3755,2026,1,0
5,ATALAIA,27,CLARIANA ZACARKIM BARAO,3,2026,1,0
5,ATALAIA,28,LEONARDO ALVES DE ARAUJO,1,2026,1,0
5,ATALAIA,29,RUI COSTA PIMENTA,2,2026,1,0
5,ATALAIA,30,ROMEU ZEMA NETO,20,2026,1,0
5,ATALAIA,35,WILSON GRASSI JUNIOR,1,2026,1,0
5,ATALAIA,55,RONALDO RAMOS CAIADO,221,2026,1,0
5,ATALAIA,70,AUGUSTO JORGE CURY,304,2026,1,0
5,ATALAIA,80,SAMARA MARTINS DA SILVA FEITOSA,15,2026,1,0
5,ATALAIA,95,VOTO BRANCO,127,2026,1,0
5,ATALAIA,96,VOTO NULO,207,2026,1,0
6,BUGIO,13,LUIZ INÁCIO LULA DA SILVA,6202,2026,1,0
6,BUGIO,14,RENAN ANTONIO FERREIRA DOS SANTOS,254,2026,1,0
6,BUGIO,16,HERTZ DA CONCEICAO DIAS,4,2026,1,0
6,BUGIO,21,EDMILSON SILVA COSTA,3,2026,1,0
6,BUGIO,22,FLAVIO NANTES BOLSONARO,4027,2026,1,0
6,BUGIO,27,CLARIANA ZACARKIM BARAO,5,2026,1,0
6,BUGIO,30,ROMEU ZEMA NETO,5,2026,1,0
6,BUGIO,35,WILSON GRASSI JUNIOR,2,2026,1,0
6,BUGIO,55,RONALDO RAMOS CAIADO,278,2026,1,0
6,BUGIO,70,AUGUSTO JORGE CURY,411,2026,1,0
6,BUGIO,80,SAMARA MARTINS DA SILVA FEITOSA,14,2026,1,0
6,BUGIO,95,VOTO BRANCO,239,2026,1,0
6,BUGIO,96,VOTO NULO,502,2026,1,0
7,CAPUCHO,13,LUIZ INÁCIO LULA DA SILVA,146,2026,1,0
7,CAPUCHO,14,RENAN ANTONIO FERREIRA DOS SANTOS,4,2026,1,0
7,CAPUCHO,22,FLAVIO NANTES BOLSONARO,87,2026,1,0
7,CAPUCHO,55,RONALDO RAMOS CAIADO,7,2026,1,0
7,CAPUCHO,70,AUGUSTO JORGE CURY,7,2026,1,0
7,CAPUCHO,95,VOTO BRANCO,8,2026,1,0
7,CAPUCHO,96,VOTO NULO,12,2026,1,0
8,CENTRO,13,LUIZ INÁCIO LULA DA SILVA,3298,2026,1,0
8,CENTRO,14,RENAN ANTONIO FERREIRA DOS SANTOS,172,2026,1,0
8,CENTRO,16,HERTZ DA CONCEICAO DIAS,4,2026,1,0
8,CENTRO,21,EDMILSON SILVA COSTA,4,2026,1,0
8,CENTRO,22,FLAVIO NANTES BOLSONARO,2664,2026,1,0
8,CENTRO,27,CLARIANA ZACARKIM BARAO,4,2026,1,0
8,CENTRO,29,RUI COSTA PIMENTA,1,2026,1,0
8,CENTRO,30,ROMEU ZEMA NETO,17,2026,1,0
8,CENTRO,35,WILSON GRASSI JUNIOR,2,2026,1,0
8,CENTRO,55,RONALDO RAMOS CAIADO,160,2026,1,0
8,CENTRO,70,AUGUSTO JORGE CURY,239,2026,1,0
8,CENTRO,80,SAMARA MARTINS DA SILVA FEITOSA,9,2026,1,0
8,CENTRO,95,VOTO BRANCO,81,2026,1,0
8,CENTRO,96,VOTO NULO,150,2026,1,0
9,CIDADE NOVA,13,LUIZ INÁCIO LULA DA SILVA,4909,2026,1,0
9,CIDADE NOVA,14,RENAN ANTONIO FERREIRA DOS SANTOS,141,2026,1,0
9,CIDADE NOVA,16,HERTZ DA CONCEICAO DIAS,4,2026,1,0
9,CIDADE NOVA,21,EDMILSON SILVA COSTA,2,2026,1,0
9,CIDADE NOVA,22,FLAVIO NANTES BOLSONARO,2798,2026,1,0
9,CIDADE NOVA,27,CLARIANA ZACARKIM BARAO,4,2026,1,0
9,CIDADE NOVA,28,LEONARDO ALVES DE ARAUJO,1,2026,1,0
9,CIDADE NOVA,30,ROMEU ZEMA NETO,3,2026,1,0
9,CIDADE NOVA,35,WILSON GRASSI JUNIOR,3,2026,1,0
9,CIDADE NOVA,55,RONALDO RAMOS CAIADO,182,2026,1,0
9,CIDADE NOVA,70,AUGUSTO JORGE CURY,336,2026,1,0
9,CIDADE NOVA,80,SAMARA MARTINS DA SILVA FEITOSA,19,2026,1,0
9,CIDADE NOVA,95,VOTO BRANCO,209,2026,1,0
9,CIDADE NOVA,96,VOTO NULO,363,2026,1,0
10,COROA DO MEIO,13,LUIZ INÁCIO LULA DA SILVA,6276,2026,1,0
10,COROA DO MEIO,14,RENAN ANTONIO FERREIRA DOS SANTOS,254,2026,1,0
10,COROA DO MEIO,16,HERTZ DA CONCEICAO DIAS,6,2026,1,0
10,COROA DO MEIO,21,EDMILSON SILVA COSTA,1,2026,1,0
10,COROA DO MEIO,22,FLAVIO NANTES BOLSONARO,4288,2026,1,0
10,COROA DO MEIO,27,CLARIANA ZACARKIM BARAO,8,2026,1,0
10,COROA DO MEIO,29,RUI COSTA PIMENTA,2,2026,1,0
10,COROA DO MEIO,30,ROMEU ZEMA NETO,30,2026,1,0
10,COROA DO MEIO,35,WILSON GRASSI JUNIOR,1,2026,1,0
10,COROA DO MEIO,55,RONALDO RAMOS CAIADO,291,2026,1,0
10,COROA DO MEIO,70,AUGUSTO JORGE CURY,370,2026,1,0
10,COROA DO MEIO,80,SAMARA MARTINS DA SILVA FEITOSA,23,2026,1,0
10,COROA DO MEIO,95,VOTO BRANCO,129,2026,1,0
10,COROA DO MEIO,96,VOTO NULO,260,2026,1,0
11,DEZESSETE DE MARCO,13,LUIZ INÁCIO LULA DA SILVA,802,2026,1,0
11,DEZESSETE DE MARCO,14,RENAN ANTONIO FERREIRA DOS SANTOS,44,2026,1,0
11,DEZESSETE DE MARCO,21,EDMILSON SILVA COSTA,1,2026,1,0
11,DEZESSETE DE MARCO,22,FLAVIO NANTES BOLSONARO,456,2026,1,0
11,DEZESSETE DE MARCO,55,RONALDO RAMOS CAIADO,14,2026,1,0
11,DEZESSETE DE MARCO,70,AUGUSTO JORGE CURY,67,2026,1,0
11,DEZESSETE DE MARCO,80,SAMARA MARTINS DA SILVA FEITOSA,3,2026,1,0
11,DEZESSETE DE MARCO,95,VOTO BRANCO,39,2026,1,0
11,DEZESSETE DE MARCO,96,VOTO NULO,44,2026,1,0
12,DEZOITO DO FORTE,13,LUIZ INÁCIO LULA DA SILVA,8757,2026,1,0
12,DEZOITO DO FORTE,14,RENAN ANTONIO FERREIRA DOS SANTOS,313,2026,1,0
12,DEZOITO DO FORTE,16,HERTZ DA CONCEICAO DIAS,8,2026,1,0
12,DEZOITO DO FORTE,21,EDMILSON SILVA COSTA,3,2026,1,0
12,DEZOITO DO FORTE,22,FLAVIO NANTES BOLSONARO,6038,2026,1,0
12,DEZOITO DO FORTE,27,CLARIANA ZACARKIM BARAO,10,2026,1,0
12,DEZOITO DO FORTE,29,RUI COSTA PIMENTA,1,2026,1,0
12,DEZOITO DO FORTE,30,ROMEU ZEMA NETO,19,2026,1,0
12,DEZOITO DO FORTE,35,WILSON GRASSI JUNIOR,3,2026,1,0
12,DEZOITO DO FORTE,55,RONALDO RAMOS CAIADO,377,2026,1,0
12,DEZOITO DO FORTE,70,AUGUSTO JORGE CURY,589,2026,1,0
12,DEZOITO DO FORTE,80,SAMARA MARTINS DA SILVA FEITOSA,25,2026,1,0
12,DEZOITO DO FORTE,95,VOTO BRANCO,342,2026,1,0
12,DEZOITO DO FORTE,96,VOTO NULO,571,2026,1,0
13,DOM LUCIANO,13,LUIZ INÁCIO LULA DA SILVA,538,2026,1,0
13,DOM LUCIANO,14,RENAN ANTONIO FERREIRA DOS SANTOS,28,2026,1,0
13,DOM LUCIANO,16,HERTZ DA CONCEICAO DIAS,1,2026,1,0
13,DOM LUCIANO,22,FLAVIO NANTES BOLSONARO,336,2026,1,0
13,DOM LUCIANO,55,RONALDO RAMOS CAIADO,22,2026,1,0
13,DOM LUCIANO,70,AUGUSTO JORGE CURY,42,2026,1,0
13,DOM LUCIANO,80,SAMARA MARTINS DA SILVA FEITOSA,1,2026,1,0
13,DOM LUCIANO,95,VOTO BRANCO,17,2026,1,0
13,DOM LUCIANO,96,VOTO NULO,36,2026,1,0
14,FAROLANDIA,13,LUIZ INÁCIO LULA DA SILVA,15048,2026,1,0
14,FAROLANDIA,14,RENAN ANTONIO FERREIRA DOS SANTOS,703,2026,1,0
14,FAROLANDIA,16,HERTZ DA CONCEICAO DIAS,19,2026,1,0
14,FAROLANDIA,21,EDMILSON SILVA COSTA,2,2026,1,0
14,FAROLANDIA,22,FLAVIO NANTES BOLSONARO,10479,2026,1,0
14,FAROLANDIA,27,CLARIANA ZACARKIM BARAO,19,2026,1,0
14,FAROLANDIA,29,RUI COSTA PIMENTA,7,2026,1,0
14,FAROLANDIA,30,ROMEU ZEMA NETO,64,2026,1,0
14,FAROLANDIA,35,WILSON GRASSI JUNIOR,3,2026,1,0
14,FAROLANDIA,55,RONALDO RAMOS CAIADO,565,2026,1,0
14,FAROLANDIA,70,AUGUSTO JORGE CURY,1095,2026,1,0
14,FAROLANDIA,80,SAMARA MARTINS DA SILVA FEITOSA,29,2026,1,0
14,FAROLANDIA,95,VOTO BRANCO,360,2026,1,0
14,FAROLANDIA,96,VOTO NULO,768,2026,1,0
15,GETULIO VARGAS,13,LUIZ INÁCIO LULA DA SILVA,5000,2026,1,0
15,GETULIO VARGAS,14,RENAN ANTONIO FERREIRA DOS SANTOS,206,2026,1,0
15,GETULIO VARGAS,16,HERTZ DA CONCEICAO DIAS,6,2026,1,0
15,GETULIO VARGAS,21,EDMILSON SILVA COSTA,2,2026,1,0
15,GETULIO VARGAS,22,FLAVIO NANTES BOLSONARO,3388,2026,1,0
15,GETULIO VARGAS,27,CLARIANA ZACARKIM BARAO,8,2026,1,0
15,GETULIO VARGAS,29,RUI COSTA PIMENTA,3,2026,1,0
15,GETULIO VARGAS,30,ROMEU ZEMA NETO,13,2026,1,0
15,GETULIO VARGAS,35,WILSON GRASSI JUNIOR,4,2026,1,0
15,GETULIO VARGAS,55,RONALDO RAMOS CAIADO,221,2026,1,0
15,GETULIO VARGAS,70,AUGUSTO JORGE CURY,309,2026,1,0
15,GETULIO VARGAS,80,SAMARA MARTINS DA SILVA FEITOSA,15,2026,1,0
15,GETULIO VARGAS,95,VOTO BRANCO,149,2026,1,0
15,GETULIO VARGAS,96,VOTO NULO,288,2026,1,0
16,GRAGERU,13,LUIZ INÁCIO LULA DA SILVA,6912,2026,1,0
16,GRAGERU,14,RENAN ANTONIO FERREIRA DOS SANTOS,294,2026,1,0
16,GRAGERU,16,HERTZ DA CONCEICAO DIAS,10,2026,1,0
16,GRAGERU,21,EDMILSON SILVA COSTA,1,2026,1,0
16,GRAGERU,22,FLAVIO NANTES BOLSONARO,5636,2026,1,0
16,GRAGERU,27,CLARIANA ZACARKIM BARAO,3,2026,1,0
16,GRAGERU,29,RUI COSTA PIMENTA,7,2026,1,0
16,GRAGERU,30,ROMEU ZEMA NETO,38,2026,1,0
16,GRAGERU,35,WILSON GRASSI JUNIOR,2,2026,1,0
16,GRAGERU,55,RONALDO RAMOS CAIADO,354,2026,1,0
16,GRAGERU,70,AUGUSTO JORGE CURY,412,2026,1,0
16,GRAGERU,80,SAMARA MARTINS DA SILVA FEITOSA,14,2026,1,0
16,GRAGERU,95,VOTO BRANCO,130,2026,1,0
16,GRAGERU,96,VOTO NULO,284,2026,1,0
17,INACIO BARBOSA,13,LUIZ INÁCIO LULA DA SILVA,3043,2026,1,0
17,INACIO BARBOSA,14,RENAN ANTONIO FERREIRA DOS SANTOS,137,2026,1,0
17,INACIO BARBOSA,16,HERTZ DA CONCEICAO DIAS,2,2026,1,0
17,INACIO BARBOSA,21,EDMILSON SILVA COSTA,1,2026,1,0
17,INACIO BARBOSA,22,FLAVIO NANTES BOLSONARO,2099,2026,1,0
17,INACIO BARBOSA,27,CLARIANA ZACARKIM BARAO,3,2026,1,0
17,INACIO BARBOSA,29,RUI COSTA PIMENTA,1,2026,1,0
17,INACIO BARBOSA,30,ROMEU ZEMA NETO,11,2026,1,0
17,INACIO BARBOSA,35,WILSON GRASSI JUNIOR,1,2026,1,0
17,INACIO BARBOSA,55,RONALDO RAMOS CAIADO,125,2026,1,0
17,INACIO BARBOSA,70,AUGUSTO JORGE CURY,233,2026,1,0
17,INACIO BARBOSA,80,SAMARA MARTINS DA SILVA FEITOSA,3,2026,1,0
17,INACIO BARBOSA,95,VOTO BRANCO,67,2026,1,0
17,INACIO BARBOSA,96,VOTO NULO,116,2026,1,0
18,INDUSTRIAL,13,LUIZ INÁCIO LULA DA SILVA,8562,2026,1,0
18,INDUSTRIAL,14,RENAN ANTONIO FERREIRA DOS SANTOS,381,2026,1,0
18,INDUSTRIAL,16,HERTZ DA CONCEICAO DIAS,3,2026,1,0
18,INDUSTRIAL,21,EDMILSON SILVA COSTA,1,2026,1,0
18,INDUSTRIAL,22,FLAVIO NANTES BOLSONARO,5856,2026,1,0
18,INDUSTRIAL,27,CLARIANA ZACARKIM BARAO,3,2026,1,0
18,INDUSTRIAL,29,RUI COSTA PIMENTA,2,2026,1,0
18,INDUSTRIAL,30,ROMEU ZEMA NETO,14,2026,1,0
18,INDUSTRIAL,35,WILSON GRASSI JUNIOR,3,2026,1,0
18,INDUSTRIAL,55,RONALDO RAMOS CAIADO,382,2026,1,0
18,INDUSTRIAL,70,AUGUSTO JORGE CURY,613,2026,1,0
18,INDUSTRIAL,80,SAMARA MARTINS DA SILVA FEITOSA,27,2026,1,0
18,INDUSTRIAL,95,VOTO BRANCO,327,2026,1,0
18,INDUSTRIAL,96,VOTO NULO,558,2026,1,0
19,JABOTIANA,13,LUIZ INÁCIO LULA DA SILVA,6582,2026,1,0
19,JABOTIANA,14,RENAN ANTONIO FERREIRA DOS SANTOS,331,2026,1,0
19,JABOTIANA,16,HERTZ DA CONCEICAO DIAS,3,2026,1,0
19,JABOTIANA,21,EDMILSON SILVA COSTA,3,2026,1,0
19,JABOTIANA,22,FLAVIO NANTES BOLSONARO,4527,2026,1,0
19,JABOTIANA,27,CLARIANA ZACARKIM BARAO,11,2026,1,0
19,JABOTIANA,29,RUI COSTA PIMENTA,4,2026,1,0
19,JABOTIANA,30,ROMEU ZEMA NETO,32,2026,1,0
19,JABOTIANA,35,WILSON GRASSI JUNIOR,1,2026,1,0
19,JABOTIANA,55,RONALDO RAMOS CAIADO,300,2026,1,0
19,JABOTIANA,70,AUGUSTO JORGE CURY,471,2026,1,0
19,JABOTIANA,80,SAMARA MARTINS DA SILVA FEITOSA,9,2026,1,0
19,JABOTIANA,95,VOTO BRANCO,140,2026,1,0
19,JABOTIANA,96,VOTO NULO,225,2026,1,0
20,JARDIM CENTENARIO,13,LUIZ INÁCIO LULA DA SILVA,3149,2026,1,0
20,JARDIM CENTENARIO,14,RENAN ANTONIO FERREIRA DOS SANTOS,115,2026,1,0
20,JARDIM CENTENARIO,16,HERTZ DA CONCEICAO DIAS,4,2026,1,0
20,JARDIM CENTENARIO,21,EDMILSON SILVA COSTA,3,2026,1,0
20,JARDIM CENTENARIO,22,FLAVIO NANTES BOLSONARO,1978,2026,1,0
20,JARDIM CENTENARIO,27,CLARIANA ZACARKIM BARAO,2,2026,1,0
20,JARDIM CENTENARIO,30,ROMEU ZEMA NETO,4,2026,1,0
20,JARDIM CENTENARIO,55,RONALDO RAMOS CAIADO,130,2026,1,0
20,JARDIM CENTENARIO,70,AUGUSTO JORGE CURY,209,2026,1,0
20,JARDIM CENTENARIO,80,SAMARA MARTINS DA SILVA FEITOSA,11,2026,1,0
20,JARDIM CENTENARIO,95,VOTO BRANCO,115,2026,1,0
20,JARDIM CENTENARIO,96,VOTO NULO,271,2026,1,0
21,JARDINS,13,LUIZ INÁCIO LULA DA SILVA,3618,2026,1,0
21,JARDINS,14,RENAN ANTONIO FERREIRA DOS SANTOS,214,2026,1,0
21,JARDINS,16,HERTZ DA CONCEICAO DIAS,7,2026,1,0
21,JARDINS,21,EDMILSON SILVA COSTA,1,2026,1,0
21,JARDINS,22,FLAVIO NANTES BOLSONARO,3896,2026,1,0
21,JARDINS,27,CLARIANA ZACARKIM BARAO,5,2026,1,0
21,JARDINS,29,RUI COSTA PIMENTA,1,2026,1,0
21,JARDINS,30,ROMEU ZEMA NETO,34,2026,1,0
21,JARDINS,55,RONALDO RAMOS CAIADO,268,2026,1,0
21,JARDINS,70,AUGUSTO JORGE CURY,269,2026,1,0
21,JARDINS,80,SAMARA MARTINS DA SILVA FEITOSA,6,2026,1,0
21,JARDINS,95,VOTO BRANCO,72,2026,1,0
21,JARDINS,96,VOTO NULO,114,2026,1,0
22,JOSE CONRADO DE ARAUJO,13,LUIZ INÁCIO LULA DA SILVA,5261,2026,1,0
22,JOSE CONRADO DE ARAUJO,14,RENAN ANTONIO FERREIRA DOS SANTOS,196,2026,1,0
22,JOSE CONRADO DE ARAUJO,16,HERTZ DA CONCEICAO DIAS,5,2026,1,0
22,JOSE CONRADO DE ARAUJO,21,EDMILSON SILVA COSTA,2,2026,1,0
22,JOSE CONRADO DE ARAUJO,22,FLAVIO NANTES BOLSONARO,3843,2026,1,0
22,JOSE CONRADO DE ARAUJO,27,CLARIANA ZACARKIM BARAO,8,2026,1,0
22,JOSE CONRADO DE ARAUJO,29,RUI COSTA PIMENTA,2,2026,1,0
22,JOSE CONRADO DE ARAUJO,30,ROMEU ZEMA NETO,5,2026,1,0
22,JOSE CONRADO DE ARAUJO,35,WILSON GRASSI JUNIOR,1,2026,1,0
22,JOSE CONRADO DE ARAUJO,55,RONALDO RAMOS CAIADO,222,2026,1,0
22,JOSE CONRADO DE ARAUJO,70,AUGUSTO JORGE CURY,316,2026,1,0
22,JOSE CONRADO DE ARAUJO,80,SAMARA MARTINS DA SILVA FEITOSA,8,2026,1,0
22,JOSE CONRADO DE ARAUJO,95,VOTO BRANCO,195,2026,1,0
22,JOSE CONRADO DE ARAUJO,96,VOTO NULO,417,2026,1,0
23,LAMARAO,13,LUIZ INÁCIO LULA DA SILVA,2599,2026,1,0
23,LAMARAO,14,RENAN ANTONIO FERREIRA DOS SANTOS,99,2026,1,0
23,LAMARAO,16,HERTZ DA CONCEICAO DIAS,1,2026,1,0
23,LAMARAO,21,EDMILSON SILVA COSTA,1,2026,1,0
23,LAMARAO,22,FLAVIO NANTES BOLSONARO,1466,2026,1,0
23,LAMARAO,27,CLARIANA ZACARKIM BARAO,2,2026,1,0
23,LAMARAO,28,LEONARDO ALVES DE ARAUJO,1,2026,1,0
23,LAMARAO,30,ROMEU ZEMA NETO,9,2026,1,0
23,LAMARAO,35,WILSON GRASSI JUNIOR,3,2026,1,0
23,LAMARAO,55,RONALDO RAMOS CAIADO,119,2026,1,0
23,LAMARAO,70,AUGUSTO JORGE CURY,199,2026,1,0
23,LAMARAO,80,SAMARA MARTINS DA SILVA FEITOSA,10,2026,1,0
23,LAMARAO,95,VOTO BRANCO,128,2026,1,0
23,LAMARAO,96,VOTO NULO,212,2026,1,0
24,LUZIA,13,LUIZ INÁCIO LULA DA SILVA,5067,2026,1,0
24,LUZIA,14,RENAN ANTONIO FERREIRA DOS SANTOS,224,2026,1,0
24,LUZIA,16,HERTZ DA CONCEICAO DIAS,6,2026,1,0
24,LUZIA,21,EDMILSON SILVA COSTA,3,2026,1,0
24,LUZIA,22,FLAVIO NANTES BOLSONARO,3779,2026,1,0
24,LUZIA,27,CLARIANA ZACARKIM BARAO,5,2026,1,0
24,LUZIA,29,RUI COSTA PIMENTA,1,2026,1,0
24,LUZIA,30,ROMEU ZEMA NETO,20,2026,1,0
24,LUZIA,35,WILSON GRASSI JUNIOR,1,2026,1,0
24,LUZIA,55,RONALDO RAMOS CAIADO,248,2026,1,0
24,LUZIA,70,AUGUSTO JORGE CURY,318,2026,1,0
24,LUZIA,80,SAMARA MARTINS DA SILVA FEITOSA,6,2026,1,0
24,LUZIA,95,VOTO BRANCO,116,2026,1,0
24,LUZIA,96,VOTO NULO,221,2026,1,0
25,MOSQUEIRO,13,LUIZ INÁCIO LULA DA SILVA,3245,2026,1,0
25,MOSQUEIRO,14,RENAN ANTONIO FERREIRA DOS SANTOS,94,2026,1,0
25,MOSQUEIRO,16,HERTZ DA CONCEICAO DIAS,1,2026,1,0
25,MOSQUEIRO,21,EDMILSON SILVA COSTA,1,2026,1,0
25,MOSQUEIRO,22,FLAVIO NANTES BOLSONARO,2127,2026,1,0
25,MOSQUEIRO,27,CLARIANA ZACARKIM BARAO,2,2026,1,0
25,MOSQUEIRO,30,ROMEU ZEMA NETO,5,2026,1,0
25,MOSQUEIRO,35,WILSON GRASSI JUNIOR,1,2026,1,0
25,MOSQUEIRO,55,RONALDO RAMOS CAIADO,134,2026,1,0
25,MOSQUEIRO,70,AUGUSTO JORGE CURY,220,2026,1,0
25,MOSQUEIRO,80,SAMARA MARTINS DA SILVA FEITOSA,5,2026,1,0
25,MOSQUEIRO,95,VOTO BRANCO,101,2026,1,0
25,MOSQUEIRO,96,VOTO NULO,198,2026,1,0
26,NOVO PARAISO,13,LUIZ INÁCIO LULA DA SILVA,2301,2026,1,0
26,NOVO PARAISO,14,RENAN ANTONIO FERREIRA DOS SANTOS,76,2026,1,0
26,NOVO PARAISO,16,HERTZ DA CONCEICAO DIAS,1,2026,1,0
26,NOVO PARAISO,22,FLAVIO NANTES BOLSONARO,1415,2026,1,0
26,NOVO PARAISO,27,CLARIANA ZACARKIM BARAO,2,2026,1,0
26,NOVO PARAISO,30,ROMEU ZEMA NETO,5,2026,1,0
26,NOVO PARAISO,55,RONALDO RAMOS CAIADO,91,2026,1,0
26,NOVO PARAISO,70,AUGUSTO JORGE CURY,153,2026,1,0
26,NOVO PARAISO,80,SAMARA MARTINS DA SILVA FEITOSA,8,2026,1,0
26,NOVO PARAISO,95,VOTO BRANCO,85,2026,1,0
26,NOVO PARAISO,96,VOTO NULO,127,2026,1,0
27,OLARIA,13,LUIZ INÁCIO LULA DA SILVA,5107,2026,1,0
27,OLARIA,14,RENAN ANTONIO FERREIRA DOS SANTOS,181,2026,1,0
27,OLARIA,16,HERTZ DA CONCEICAO DIAS,1,2026,1,0
27,OLARIA,21,EDMILSON SILVA COSTA,5,2026,1,0
27,OLARIA,22,FLAVIO NANTES BOLSONARO,2807,2026,1,0
27,OLARIA,27,CLARIANA ZACARKIM BARAO,2,2026,1,0
27,OLARIA,28,LEONARDO ALVES DE ARAUJO,1,2026,1,0
27,OLARIA,30,ROMEU ZEMA NETO,10,2026,1,0
27,OLARIA,35,WILSON GRASSI JUNIOR,2,2026,1,0
27,OLARIA,55,RONALDO RAMOS CAIADO,199,2026,1,0
27,OLARIA,70,AUGUSTO JORGE CURY,330,2026,1,0
27,OLARIA,80,SAMARA MARTINS DA SILVA FEITOSA,5,2026,1,0
27,OLARIA,95,VOTO BRANCO,187,2026,1,0
27,OLARIA,96,VOTO NULO,366,2026,1,0
28,PONTO NOVO,13,LUIZ INÁCIO LULA DA SILVA,5647,2026,1,0
28,PONTO NOVO,14,RENAN ANTONIO FERREIRA DOS SANTOS,267,2026,1,0
28,PONTO NOVO,16,HERTZ DA CONCEICAO DIAS,4,2026,1,0
28,PONTO NOVO,21,EDMILSON SILVA COSTA,2,2026,1,0
28,PONTO NOVO,22,FLAVIO NANTES BOLSONARO,3998,2026,1,0
28,PONTO NOVO,27,CLARIANA ZACARKIM BARAO,6,2026,1,0
28,PONTO NOVO,29,RUI COSTA PIMENTA,1,2026,1,0
28,PONTO NOVO,30,ROMEU ZEMA NETO,31,2026,1,0
28,PONTO NOVO,35,WILSON GRASSI JUNIOR,2,2026,1,0
28,PONTO NOVO,55,RONALDO RAMOS CAIADO,237,2026,1,0
28,PONTO NOVO,70,AUGUSTO JORGE CURY,376,2026,1,0
28,PONTO NOVO,80,SAMARA MARTINS DA SILVA FEITOSA,13,2026,1,0
28,PONTO NOVO,95,VOTO BRANCO,130,2026,1,0
28,PONTO NOVO,96,VOTO NULO,336,2026,1,0
29,PORTO DANTAS,13,LUIZ INÁCIO LULA DA SILVA,2805,2026,1,0
29,PORTO DANTAS,14,RENAN ANTONIO FERREIRA DOS SANTOS,110,2026,1,0
29,PORTO DANTAS,16,HERTZ DA CONCEICAO DIAS,1,2026,1,0
29,PORTO DANTAS,21,EDMILSON SILVA COSTA,1,2026,1,0
29,PORTO DANTAS,22,FLAVIO NANTES BOLSONARO,1684,2026,1,0
29,PORTO DANTAS,27,CLARIANA ZACARKIM BARAO,4,2026,1,0
29,PORTO DANTAS,30,ROMEU ZEMA NETO,4,2026,1,0
29,PORTO DANTAS,35,WILSON GRASSI JUNIOR,1,2026,1,0
29,PORTO DANTAS,55,RONALDO RAMOS CAIADO,105,2026,1,0
29,PORTO DANTAS,70,AUGUSTO JORGE CURY,182,2026,1,0
29,PORTO DANTAS,80,SAMARA MARTINS DA SILVA FEITOSA,17,2026,1,0
29,PORTO DANTAS,95,VOTO BRANCO,141,2026,1,0
29,PORTO DANTAS,96,VOTO NULO,196,2026,1,0
30,POVOADO ROBALO,13,LUIZ INÁCIO LULA DA SILVA,386,2026,1,0
30,POVOADO ROBALO,14,RENAN ANTONIO FERREIRA DOS SANTOS,23,2026,1,0
30,POVOADO ROBALO,22,FLAVIO NANTES BOLSONARO,255,2026,1,0
30,POVOADO ROBALO,27,CLARIANA ZACARKIM BARAO,1,2026,1,0
30,POVOADO ROBALO,55,RONALDO RAMOS CAIADO,13,2026,1,0
30,POVOADO ROBALO,70,AUGUSTO JORGE CURY,28,2026,1,0
30,POVOADO ROBALO,95,VOTO BRANCO,12,2026,1,0
30,POVOADO ROBALO,96,VOTO NULO,29,2026,1,0
31,POVOADO SAO JOSE,13,LUIZ INÁCIO LULA DA SILVA,512,2026,1,0
31,POVOADO SAO JOSE,14,RENAN ANTONIO FERREIRA DOS SANTOS,7,2026,1,0
31,POVOADO SAO JOSE,22,FLAVIO NANTES BOLSONARO,252,2026,1,0
31,POVOADO SAO JOSE,30,ROMEU ZEMA NETO,3,2026,1,0
31,POVOADO SAO JOSE,55,RONALDO RAMOS CAIADO,15,2026,1,0
31,POVOADO SAO JOSE,70,AUGUSTO JORGE CURY,30,2026,1,0
31,POVOADO SAO JOSE,80,SAMARA MARTINS DA SILVA FEITOSA,1,2026,1,0
31,POVOADO SAO JOSE,95,VOTO BRANCO,16,2026,1,0
31,POVOADO SAO JOSE,96,VOTO NULO,23,2026,1,0
32,PRAIA 13 DE JULHO,13,LUIZ INÁCIO LULA DA SILVA,244,2026,1,0
32,PRAIA 13 DE JULHO,14,RENAN ANTONIO FERREIRA DOS SANTOS,21,2026,1,0
32,PRAIA 13 DE JULHO,16,HERTZ DA CONCEICAO DIAS,1,2026,1,0
32,PRAIA 13 DE JULHO,22,FLAVIO NANTES BOLSONARO,294,2026,1,0
32,PRAIA 13 DE JULHO,30,ROMEU ZEMA NETO,4,2026,1,0
32,PRAIA 13 DE JULHO,55,RONALDO RAMOS CAIADO,21,2026,1,0
32,PRAIA 13 DE JULHO,70,AUGUSTO JORGE CURY,14,2026,1,0
32,PRAIA 13 DE JULHO,95,VOTO BRANCO,3,2026,1,0
32,PRAIA 13 DE JULHO,96,VOTO NULO,6,2026,1,0
33,SALGADO FILHO,13,LUIZ INÁCIO LULA DA SILVA,2704,2026,1,0
33,SALGADO FILHO,14,RENAN ANTONIO FERREIRA DOS SANTOS,152,2026,1,0
33,SALGADO FILHO,21,EDMILSON SILVA COSTA,3,2026,1,0
33,SALGADO FILHO,22,FLAVIO NANTES BOLSONARO,2959,2026,1,0
33,SALGADO FILHO,27,CLARIANA ZACARKIM BARAO,3,2026,1,0
33,SALGADO FILHO,29,RUI COSTA PIMENTA,4,2026,1,0
33,SALGADO FILHO,30,ROMEU ZEMA NETO,24,2026,1,0
33,SALGADO FILHO,35,WILSON GRASSI JUNIOR,1,2026,1,0
33,SALGADO FILHO,55,RONALDO RAMOS CAIADO,190,2026,1,0
33,SALGADO FILHO,70,AUGUSTO JORGE CURY,214,2026,1,0
33,SALGADO FILHO,80,SAMARA MARTINS DA SILVA FEITOSA,4,2026,1,0
33,SALGADO FILHO,95,VOTO BRANCO,66,2026,1,0
33,SALGADO FILHO,96,VOTO NULO,98,2026,1,0
34,SANTA MARIA,13,LUIZ INÁCIO LULA DA SILVA,8705,2026,1,0
34,SANTA MARIA,14,RENAN ANTONIO FERREIRA DOS SANTOS,308,2026,1,0
34,SANTA MARIA,16,HERTZ DA CONCEICAO DIAS,2,2026,1,0
34,SANTA MARIA,22,FLAVIO NANTES BOLSONARO,4672,2026,1,0
34,SANTA MARIA,27,CLARIANA ZACARKIM BARAO,9,2026,1,0
34,SANTA MARIA,30,ROMEU ZEMA NETO,7,2026,1,0
34,SANTA MARIA,35,WILSON GRASSI JUNIOR,1,2026,1,0
34,SANTA MARIA,55,RONALDO RAMOS CAIADO,306,2026,1,0
34,SANTA MARIA,70,AUGUSTO JORGE CURY,554,2026,1,0
34,SANTA MARIA,80,SAMARA MARTINS DA SILVA FEITOSA,21,2026,1,0
34,SANTA MARIA,95,VOTO BRANCO,422,2026,1,0
34,SANTA MARIA,96,VOTO NULO,654,2026,1,0
35,SANTO ANTONIO,13,LUIZ INÁCIO LULA DA SILVA,822,2026,1,0
35,SANTO ANTONIO,14,RENAN ANTONIO FERREIRA DOS SANTOS,34,2026,1,0
35,SANTO ANTONIO,16,HERTZ DA CONCEICAO DIAS,1,2026,1,0
35,SANTO ANTONIO,21,EDMILSON SILVA COSTA,1,2026,1,0
35,SANTO ANTONIO,22,FLAVIO NANTES BOLSONARO,497,2026,1,0
35,SANTO ANTONIO,30,ROMEU ZEMA NETO,5,2026,1,0
35,SANTO ANTONIO,35,WILSON GRASSI JUNIOR,1,2026,1,0
35,SANTO ANTONIO,55,RONALDO RAMOS CAIADO,43,2026,1,0
35,SANTO ANTONIO,70,AUGUSTO JORGE CURY,45,2026,1,0
35,SANTO ANTONIO,80,SAMARA MARTINS DA SILVA FEITOSA,2,2026,1,0
35,SANTO ANTONIO,95,VOTO BRANCO,31,2026,1,0
35,SANTO ANTONIO,96,VOTO NULO,56,2026,1,0
36,SANTOS DUMONT,13,LUIZ INÁCIO LULA DA SILVA,9312,2026,1,0
36,SANTOS DUMONT,14,RENAN ANTONIO FERREIRA DOS SANTOS,320,2026,1,0
36,SANTOS DUMONT,16,HERTZ DA CONCEICAO DIAS,7,2026,1,0
36,SANTOS DUMONT,21,EDMILSON SILVA COSTA,2,2026,1,0
36,SANTOS DUMONT,22,FLAVIO NANTES BOLSONARO,6630,2026,1,0
36,SANTOS DUMONT,27,CLARIANA ZACARKIM BARAO,7,2026,1,0
36,SANTOS DUMONT,28,LEONARDO ALVES DE ARAUJO,3,2026,1,0
36,SANTOS DUMONT,29,RUI COSTA PIMENTA,1,2026,1,0
36,SANTOS DUMONT,30,ROMEU ZEMA NETO,16,2026,1,0
36,SANTOS DUMONT,35,WILSON GRASSI JUNIOR,4,2026,1,0
36,SANTOS DUMONT,55,RONALDO RAMOS CAIADO,439,2026,1,0
36,SANTOS DUMONT,70,AUGUSTO JORGE CURY,669,2026,1,0
36,SANTOS DUMONT,80,SAMARA MARTINS DA SILVA FEITOSA,30,2026,1,0
36,SANTOS DUMONT,95,VOTO BRANCO,428,2026,1,0
36,SANTOS DUMONT,96,VOTO NULO,731,2026,1,0
37,SAO CONRADO,13,LUIZ INÁCIO LULA DA SILVA,9547,2026,1,0
37,SAO CONRADO,14,RENAN ANTONIO FERREIRA DOS SANTOS,373,2026,1,0
37,SAO CONRADO,16,HERTZ DA CONCEICAO DIAS,14,2026,1,0
37,SAO CONRADO,21,EDMILSON SILVA COSTA,1,2026,1,0
37,SAO CONRADO,22,FLAVIO NANTES BOLSONARO,5870,2026,1,0
37,SAO CONRADO,27,CLARIANA ZACARKIM BARAO,9,2026,1,0
37,SAO CONRADO,28,LEONARDO ALVES DE ARAUJO,1,2026,1,0
37,SAO CONRADO,29,RUI COSTA PIMENTA,3,2026,1,0
37,SAO CONRADO,30,ROMEU ZEMA NETO,25,2026,1,0
37,SAO CONRADO,35,WILSON GRASSI JUNIOR,7,2026,1,0
37,SAO CONRADO,55,RONALDO RAMOS CAIADO,357,2026,1,0
37,SAO CONRADO,70,AUGUSTO JORGE CURY,612,2026,1,0
37,SAO CONRADO,80,SAMARA MARTINS DA SILVA FEITOSA,20,2026,1,0
37,SAO CONRADO,95,VOTO BRANCO,341,2026,1,0
37,SAO CONRADO,96,VOTO NULO,671,2026,1,0
38,SAO JOSE,13,LUIZ INÁCIO LULA DA SILVA,2480,2026,1,0
38,SAO JOSE,14,RENAN ANTONIO FERREIRA DOS SANTOS,93,2026,1,0
38,SAO JOSE,21,EDMILSON SILVA COSTA,1,2026,1,0
38,SAO JOSE,22,FLAVIO NANTES BOLSONARO,2494,2026,1,0
38,SAO JOSE,27,CLARIANA ZACARKIM BARAO,1,2026,1,0
38,SAO JOSE,29,RUI COSTA PIMENTA,1,2026,1,0
38,SAO JOSE,30,ROMEU ZEMA NETO,13,2026,1,0
38,SAO JOSE,55,RONALDO RAMOS CAIADO,169,2026,1,0
38,SAO JOSE,70,AUGUSTO JORGE CURY,165,2026,1,0
38,SAO JOSE,80,SAMARA MARTINS DA SILVA FEITOSA,4,2026,1,0
38,SAO JOSE,95,VOTO BRANCO,53,2026,1,0
38,SAO JOSE,96,VOTO NULO,83,2026,1,0
39,SIQUEIRA CAMPOS,13,LUIZ INÁCIO LULA DA SILVA,6085,2026,1,0
39,SIQUEIRA CAMPOS,14,RENAN ANTONIO FERREIRA DOS SANTOS,230,2026,1,0
39,SIQUEIRA CAMPOS,16,HERTZ DA CONCEICAO DIAS,4,2026,1,0
39,SIQUEIRA CAMPOS,21,EDMILSON SILVA COSTA,3,2026,1,0
39,SIQUEIRA CAMPOS,22,FLAVIO NANTES BOLSONARO,4295,2026,1,0
39,SIQUEIRA CAMPOS,27,CLARIANA ZACARKIM BARAO,5,2026,1,0
39,SIQUEIRA CAMPOS,28,LEONARDO ALVES DE ARAUJO,3,2026,1,0
39,SIQUEIRA CAMPOS,30,ROMEU ZEMA NETO,23,2026,1,0
39,SIQUEIRA CAMPOS,35,WILSON GRASSI JUNIOR,2,2026,1,0
39,SIQUEIRA CAMPOS,55,RONALDO RAMOS CAIADO,262,2026,1,0
39,SIQUEIRA CAMPOS,70,AUGUSTO JORGE CURY,410,2026,1,0
39,SIQUEIRA CAMPOS,80,SAMARA MARTINS DA SILVA FEITOSA,24,2026,1,0
39,SIQUEIRA CAMPOS,95,VOTO BRANCO,174,2026,1,0
39,SIQUEIRA CAMPOS,96,VOTO NULO,392,2026,1,0
40,SOLEDADE,13,LUIZ INÁCIO LULA DA SILVA,2338,2026,1,0
40,SOLEDADE,14,RENAN ANTONIO FERREIRA DOS SANTOS,110,2026,1,0
40,SOLEDADE,22,FLAVIO NANTES BOLSONARO,1527,2026,1,0
40,SOLEDADE,27,CLARIANA ZACARKIM BARAO,2,2026,1,0
40,SOLEDADE,30,ROMEU ZEMA NETO,3,2026,1,0
40,SOLEDADE,55,RONALDO RAMOS CAIADO,82,2026,1,0
40,SOLEDADE,70,AUGUSTO JORGE CURY,157,2026,1,0
40,SOLEDADE,80,SAMARA MARTINS DA SILVA FEITOSA,3,2026,1,0
40,SOLEDADE,95,VOTO BRANCO,100,2026,1,0
40,SOLEDADE,96,VOTO NULO,146,2026,1,0
41,SUISSA,13,LUIZ INÁCIO LULA DA SILVA,4981,2026,1,0
41,SUISSA,14,RENAN ANTONIO FERREIRA DOS SANTOS,178,2026,1,0
41,SUISSA,16,HERTZ DA CONCEICAO DIAS,6,2026,1,0
41,SUISSA,22,FLAVIO NANTES BOLSONARO,3649,2026,1,0
41,SUISSA,27,CLARIANA ZACARKIM BARAO,5,2026,1,0
41,SUISSA,28,LEONARDO ALVES DE ARAUJO,1,2026,1,0
41,SUISSA,29,RUI COSTA PIMENTA,4,2026,1,0
41,SUISSA,30,ROMEU ZEMA NETO,21,2026,1,0
41,SUISSA,35,WILSON GRASSI JUNIOR,1,2026,1,0
41,SUISSA,55,RONALDO RAMOS CAIADO,247,2026,1,0
41,SUISSA,70,AUGUSTO JORGE CURY,296,2026,1,0
41,SUISSA,80,SAMARA MARTINS DA SILVA FEITOSA,11,2026,1,0
41,SUISSA,95,VOTO BRANCO,137,2026,1,0
41,SUISSA,96,VOTO NULO,246,2026,1,0
