CD_MUNICIPIO,NM_MUNICIPIO,QT_APTOS,QT_COMPARECIMENTO,QT_ABSTENCOES,QT_VOTOS_BRANCOS,QT_VOTOS_NULOS,ANO_ELEICAO,NR_TURNO,NR_ZONA
1,AEROPORTO,5399,4469,930,52,135,2026,1,0
2,AMERICA,14097,12567,2015,267,419,2026,1,0
3,AREIA BRANCA,2206,1847,359,54,76,2026,1,0
4,ARUANA,3535,2976,559,39,56,2026,1,0
5,ATALAIA,12363,9938,2425,127,207,2026,1,0
6,BUGIO,14214,11946,2268,239,502,2026,1,0
7,CAPUCHO,163,271,0,8,12,2026,1,0
8,CENTRO,7391,6805,1162,81,150,2026,1,0
9,CIDADE NOVA,11247,8974,2273,209,363,2026,1,0
10,COROA DO MEIO,14745,11939,2806,129,260,2026,1,0
11,DEZESSETE DE MARCO,1814,1470,344,39,44,2026,1,0
12,DEZOITO DO FORTE,20472,17056,3416,342,571,2026,1,0
13,DOM LUCIANO,1225,1021,204,17,36,2026,1,0
14,FAROLANDIA,35446,29161,6285,360,768,2026,1,0
15,GETULIO VARGAS,9432,9612,1216,149,288,2026,1,0
16,GRAGERU,17020,14097,2923,130,284,2026,1,0
17,INACIO BARBOSA,6964,5842,1122,67,116,2026,1,0
18,INDUSTRIAL,20062,16732,3330,327,558,2026,1,0
19,JABOTIANA,15247,12639,2617,140,225,2026,1,0
20,JARDIM CENTENARIO,7330,5991,1339,115,271,2026,1,0
21,JARDINS,10311,8505,1806,72,114,2026,1,0
22,JOSE CONRADO DE ARAUJO,12317,10481,1836,195,417,2026,1,0
23,LAMARAO,5906,4849,1057,128,212,2026,1,0
24,LUZIA,11733,10015,1864,116,221,2026,1,0
25,MOSQUEIRO,7453,6134,1319,101,198,2026,1,0
26,NOVO PARAISO,5028,4264,764,85,127,2026,1,0
27,OLARIA,10928,9203,1725,187,366,2026,1,0
28,PONTO NOVO,13162,11050,2148,130,336,2026,1,0
29,PORTO DANTAS,6548,5251,1297,141,196,2026,1,0
30,POVOADO ROBALO,910,747,163,12,29,2026,1,0
31,POVOADO SAO JOSE,1008,859,149,16,23,2026,1,0
32,PRAIA 13 DE JULHO,747,608,139,3,6,2026,1,0
33,SALGADO FILHO,7365,6422,1297,66,98,2026,1,0
34,SANTA MARIA,19019,15661,3358,422,654,2026,1,0
35,SANTO ANTONIO,1904,1538,366,31,56,2026,1,0
36,SANTOS DUMONT,22405,18599,3806,428,731,2026,1,0
37,SAO CONRADO,21500,17851,3649,341,671,2026,1,0
38,SAO JOSE,6894,5557,1337,53,83,2026,1,0
39,SIQUEIRA CAMPOS,13536,11912,1964,174,392,2026,1,0
40,SOLEDADE,5254,4468,786,100,146,2026,1,0
41,SUISSA,11999,9783,2216,137,246,2026,1,0
